CREATE DATABASE  IF NOT EXISTS `mydatabase` /*!40100 DEFAULT CHARACTER SET utf8mb4 COLLATE utf8mb4_0900_ai_ci */ /*!80016 DEFAULT ENCRYPTION='N' */;
USE `mydatabase`;
-- MySQL dump 10.13  Distrib 8.0.31, for Win64 (x86_64)
--
-- Host: 127.0.0.1    Database: mydatabase
-- ------------------------------------------------------
-- Server version	8.0.31

/*!40101 SET @OLD_CHARACTER_SET_CLIENT=@@CHARACTER_SET_CLIENT */;
/*!40101 SET @OLD_CHARACTER_SET_RESULTS=@@CHARACTER_SET_RESULTS */;
/*!40101 SET @OLD_COLLATION_CONNECTION=@@COLLATION_CONNECTION */;
/*!50503 SET NAMES utf8 */;
/*!40014 SET @OLD_UNIQUE_CHECKS=@@UNIQUE_CHECKS, UNIQUE_CHECKS=0 */;
/*!40014 SET @OLD_FOREIGN_KEY_CHECKS=@@FOREIGN_KEY_CHECKS, FOREIGN_KEY_CHECKS=0 */;
/*!40101 SET @OLD_SQL_MODE=@@SQL_MODE, SQL_MODE='NO_AUTO_VALUE_ON_ZERO' */;
/*!40111 SET @OLD_SQL_NOTES=@@SQL_NOTES, SQL_NOTES=0 */;

--
-- Table structure for table `comments`
--

DROP TABLE IF EXISTS comments;
/*!40101 SET @saved_cs_client     = @@character_set_client */;
/*!50503 SET character_set_client = utf8mb4 */;
CREATE TABLE comments (
  Idcomments int NOT NULL,
  commentsBy varchar(255) NOT NULL,
  commentsDate datetime NOT NULL,
  `comment` varchar(45) NOT NULL,
  PRIMARY KEY (Idcomments)
) ENGINE=InnoDB DEFAULT CHARSET=utf8mb4 COLLATE=utf8mb4_0900_ai_ci;
/*!40101 SET character_set_client = @saved_cs_client */;

--
-- Dumping data for table `comments`
--

INSERT INTO comments VALUES (1,'3','2022-07-12 15:11:02','looking good'),(2,'5','2022-07-12 15:11:02','nice'),(3,'2','2022-07-12 15:11:02','oh yeah'),(4,'6','2022-07-12 15:11:02','rooky'),(5,'4','2022-07-12 15:11:02','okay'),(6,'2','2022-07-12 15:11:02','wow'),(7,'7','2022-07-12 15:11:02','hey you'),(8,'9','2022-07-12 15:11:02','yes'),(9,'4','2022-07-12 15:11:02','right awy'),(10,'12','2022-07-12 15:11:02','yea'),(11,'2','2022-07-12 15:11:02','rocking'),(12,'5','2022-07-12 15:11:02','nice'),(13,'7','2022-07-12 15:11:02','ooh'),(14,'3','2022-07-12 15:11:02','good'),(15,'12','2022-07-12 15:11:02','lovely'),(16,'15','2022-07-12 15:11:02','nice'),(17,'3','2022-07-12 15:11:02','outstanding'),(18,'5','2022-07-12 15:11:02','lovely'),(19,'12','2022-07-12 15:11:02','mhh'),(20,'4','2022-07-12 15:11:02','okay'),(21,'5','2022-07-12 15:11:02','yes'),(22,'45','2022-07-12 15:11:02','hey'),(23,'5','2022-07-12 15:11:02','wow'),(24,'6','2022-07-12 15:11:02','heh'),(25,'7','2022-07-12 15:11:02','good'),(26,'7','2022-07-12 15:11:02','ye'),(27,'6','2022-07-12 15:11:02','hey'),(28,'7','2022-07-12 15:11:02','wolf'),(29,'7','2022-07-12 15:11:02','wow'),(30,'6','2022-07-12 15:11:02','ye'),(31,'3','2022-07-12 15:11:02','kind'),(32,'5','2022-07-12 15:11:02',','),(33,'3','2022-07-12 15:11:02','miine'),(34,'3','2022-07-12 15:11:02','you'),(35,'4','2022-07-12 15:11:02','hey'),(36,'5','2022-07-12 15:11:02','yes'),(37,'5','2022-07-12 15:11:02','yeah'),(38,'3','2022-07-12 15:11:02','fine'),(39,'4','2022-07-12 15:11:02','wise'),(40,'4','2022-07-12 15:11:02','yesy'),(41,'6','2022-07-12 15:11:02','wow'),(42,'34','2022-07-12 15:11:02','nicce'),(43,'5','2022-07-12 15:11:02','good'),(44,'4','2022-07-12 15:11:02','win'),(45,'2','2022-07-12 15:11:02','i see'),(46,'3','2022-07-12 15:11:02','huh'),(47,'3','2022-07-12 15:11:02','woow'),(48,'22','2022-07-12 15:11:02','fine'),(49,'2','2022-07-12 15:11:02','wondrful'),(50,'23','2022-07-12 15:11:02','done');

--
-- Table structure for table `follow`
--

DROP TABLE IF EXISTS follow;
/*!40101 SET @saved_cs_client     = @@character_set_client */;
/*!50503 SET character_set_client = utf8mb4 */;
CREATE TABLE follow (
  idfollow int NOT NULL,
  followdate datetime NOT NULL,
  followcBy varchar(45) NOT NULL,
  PRIMARY KEY (idfollow)
) ENGINE=InnoDB DEFAULT CHARSET=utf8mb4 COLLATE=utf8mb4_0900_ai_ci;
/*!40101 SET character_set_client = @saved_cs_client */;

--
-- Dumping data for table `follow`
--

INSERT INTO follow VALUES (1,'2022-07-12 15:11:02','5'),(2,'2022-07-12 15:11:02','2'),(3,'2022-07-12 15:11:02','5'),(4,'2022-07-12 15:11:02','3'),(5,'2022-07-12 15:11:02','6'),(6,'2022-07-12 15:11:02','7'),(8,'2022-07-12 15:11:02','7'),(9,'2022-07-12 15:11:02','3'),(10,'2022-07-12 15:11:02','3'),(11,'2022-07-12 15:11:02','5'),(12,'2022-07-12 15:11:02','7'),(13,'2022-07-12 15:11:02','8'),(14,'2022-07-12 15:11:02','2'),(15,'2022-07-12 15:11:02','4'),(16,'2022-07-12 15:11:02','9'),(17,'2022-07-12 15:11:02','8'),(18,'2022-07-12 15:11:02','21'),(19,'2022-07-12 15:11:02','2'),(20,'2022-07-12 15:11:02','6'),(21,'2022-07-12 15:11:02','3'),(22,'2022-07-12 15:11:02','2'),(23,'2022-07-12 15:11:02','4'),(24,'2022-07-12 15:11:02','7'),(25,'2022-07-12 15:11:02','4'),(26,'2022-07-12 15:11:02','3'),(27,'2022-07-12 15:11:02','4'),(28,'2022-07-12 15:11:02','4'),(29,'2022-07-12 15:11:02','5'),(30,'2022-07-12 15:11:02','3'),(31,'2022-07-12 15:11:02','6'),(32,'2022-07-12 15:11:02','3'),(33,'2022-07-12 15:11:02','6'),(34,'2022-07-12 15:11:02','6'),(35,'2022-07-12 15:11:02','67'),(36,'2022-07-12 15:11:02','5'),(37,'2022-07-12 15:11:02','5'),(38,'2022-07-12 15:11:02','3'),(39,'2022-07-12 15:11:02','57'),(40,'2022-07-12 15:11:02','66'),(41,'2022-07-12 15:11:02','6'),(42,'2022-07-12 15:11:02','5'),(43,'2022-07-12 15:11:02','4'),(44,'2022-07-12 15:11:02','3'),(45,'2022-07-12 15:11:02','4'),(46,'2022-07-12 15:11:02','4'),(47,'2022-07-12 15:11:02','3'),(48,'2022-07-12 15:11:02','35'),(49,'2022-07-12 15:11:02','5'),(50,'2022-07-12 15:11:02','4');

--
-- Table structure for table `likes`
--

DROP TABLE IF EXISTS likes;
/*!40101 SET @saved_cs_client     = @@character_set_client */;
/*!50503 SET character_set_client = utf8mb4 */;
CREATE TABLE likes (
  Idlikes int NOT NULL,
  likeOn datetime NOT NULL,
  likesBy varchar(45) DEFAULT NULL,
  PRIMARY KEY (Idlikes)
) ENGINE=InnoDB DEFAULT CHARSET=utf8mb4 COLLATE=utf8mb4_0900_ai_ci;
/*!40101 SET character_set_client = @saved_cs_client */;

--
-- Dumping data for table `likes`
--

INSERT INTO likes VALUES (1,'2022-10-12 00:00:00','4'),(2,'2022-10-12 00:00:00','3'),(3,'2022-10-12 00:00:00','5'),(4,'2022-10-12 00:00:00','5'),(5,'2022-10-12 00:00:00','6'),(6,'2022-10-12 00:00:00','4'),(7,'2022-10-12 00:00:00','7'),(8,'2022-10-12 00:00:00','4'),(9,'2022-07-12 00:00:00','5'),(10,'2022-07-12 00:00:00','5'),(11,'2022-07-12 00:00:00','8'),(12,'2022-07-12 00:00:00','3'),(13,'2022-07-12 00:00:00','5'),(14,'2022-07-12 00:00:00','7'),(15,'2022-07-12 00:00:00','8'),(16,'2022-07-12 00:00:00','9'),(17,'2022-07-12 00:00:00','3'),(18,'2022-07-12 00:00:00','2'),(19,'2022-07-12 00:00:00','6'),(20,'2022-07-12 00:00:00','4'),(21,'2022-07-12 15:11:02','23'),(22,'2022-07-12 15:11:02','3'),(23,'2022-07-12 15:11:02','2'),(24,'2022-07-12 15:11:02','2'),(25,'2022-07-12 15:11:02','4'),(26,'2022-07-12 15:11:02','3'),(27,'2022-07-12 15:11:02','56'),(28,'2022-07-12 15:11:02','4'),(29,'2022-07-12 15:11:02','44'),(30,'2022-07-12 15:11:02','6'),(31,'2022-07-12 15:11:02','4'),(32,'2022-07-12 15:11:02','4'),(33,'2022-07-12 15:11:02','5'),(34,'2022-07-12 15:11:02','3'),(35,'2022-07-12 15:11:02','3'),(36,'2022-07-12 15:11:02','3'),(37,'2022-07-12 15:11:02','3'),(38,'2022-07-12 15:11:02','5'),(39,'2022-07-12 15:11:02','4'),(40,'2022-07-12 15:11:02','3'),(41,'2022-07-12 15:11:02','3'),(42,'2022-07-12 15:11:02','754'),(43,'2022-07-12 15:11:02','5'),(44,'2022-07-12 15:11:02','6'),(45,'2022-07-12 15:11:02','4'),(46,'2022-07-12 15:11:02','43'),(47,'2022-07-12 15:11:02','6'),(48,'2022-07-12 15:11:02','4'),(49,'2022-07-12 15:11:02','56'),(50,'2022-07-12 15:11:02','5');

--
-- Table structure for table `retweets`
--

DROP TABLE IF EXISTS retweets;
/*!40101 SET @saved_cs_client     = @@character_set_client */;
/*!50503 SET character_set_client = utf8mb4 */;
CREATE TABLE retweets (
  Idretweets int NOT NULL,
  retweetsStatus varchar(255) NOT NULL,
  retweetsBy int NOT NULL,
  retweetsDate varchar(45) NOT NULL,
  retweetsFrom int NOT NULL,
  PRIMARY KEY (Idretweets)
) ENGINE=InnoDB DEFAULT CHARSET=utf8mb4 COLLATE=utf8mb4_0900_ai_ci;
/*!40101 SET character_set_client = @saved_cs_client */;

--
-- Dumping data for table `retweets`
--

INSERT INTO retweets VALUES (1,'hey',12,'2022-07-12 15:11:02',5),(2,'how is that',5,'2022-07-12 15:11:02',1),(3,'lovely',6,'2022-07-12 15:11:02',4),(4,'cool',7,'2022-07-12 15:11:02',7),(5,'nice',3,'2022-07-12 15:11:02',4),(6,'outstanding',7,'2022-07-12 15:11:02',3),(7,'you did it',9,'2022-07-12 15:11:02',6),(8,'at last bro',5,'2022-07-12 15:11:02',7),(9,'mhh',2,'2022-07-12 15:11:02',2),(10,'yes',5,'2022-07-12 15:11:02',14),(11,'good',12,'2022-07-12 15:11:02',1),(12,'nice',15,'2022-07-12 15:11:02',3),(13,'good',3,'2022-07-12 15:11:02',4),(14,'hey',14,'2022-07-12 15:11:02',1),(15,'likely',17,'2022-07-12 15:11:02',2),(16,'yeah',16,'2022-07-12 15:11:02',4),(17,'like it',13,'2022-07-12 15:11:02',3),(18,'lovely',2,'2022-07-12 15:11:02',5),(19,'hey',4,'2022-07-12 15:11:02',2),(20,'lovely',2,'2022-07-12 15:11:02',4),(21,'sure',32,'2022-07-12 15:11:02',3),(22,'yes',3,'2022-07-12 15:11:02',5),(23,'when',4,'2022-07-12 15:11:02',5),(24,'where',4,'2022-07-12 15:11:02',5),(25,'what',3,'2022-07-12 15:11:02',5),(26,'wonderful',5,'2022-07-12 15:11:02',3),(27,'gorgeous',3,'2022-07-12 15:11:02',5),(28,'what',5,'2022-07-12 15:11:02',5),(29,'okay',7,'2022-07-12 15:11:02',5),(30,'yes',8,'2022-07-12 15:11:02',5),(31,'why',5,'2022-07-12 15:11:02',75),(32,'what',4,'2022-07-12 15:11:02',3),(33,'same',3,'2022-07-12 15:11:02',5),(34,'wow',5,'2022-07-12 15:11:02',7),(35,'yes',7,'2022-07-12 15:11:02',3),(36,'calm',8,'2022-07-12 15:11:02',7),(37,'i see',9,'2022-07-12 15:11:02',4),(38,'yes',6,'2022-07-12 15:11:02',5),(39,'loving',4,'2022-07-12 15:11:02',5),(40,'hey',3,'2022-07-12 15:11:02',5),(41,'ye',5,'2022-07-12 15:11:02',6),(42,'you',7,'2022-07-12 15:11:02',6),(43,'i see',8,'2022-07-12 15:11:02',7),(44,'justnow',7,'2022-07-12 15:11:02',46),(45,'wow',5,'2022-07-12 15:11:02',6),(46,'how',3,'2022-07-12 15:11:02',5),(47,'when',3,'2022-07-12 15:11:02',6),(48,'why',4,'2022-07-12 15:11:02',4),(49,'eeg',5,'2022-07-12 15:11:02',3),(50,'yes',7,'2022-07-12 15:11:02',3);

--
-- Table structure for table `tweets`
--

DROP TABLE IF EXISTS tweets;
/*!40101 SET @saved_cs_client     = @@character_set_client */;
/*!50503 SET character_set_client = utf8mb4 */;
CREATE TABLE tweets (
  idtweets int NOT NULL,
  timePosted datetime DEFAULT NULL,
  tweetBy int NOT NULL,
  tweetStatus varchar(255) DEFAULT NULL,
  PRIMARY KEY (idtweets)
) ENGINE=InnoDB DEFAULT CHARSET=utf8mb4 COLLATE=utf8mb4_0900_ai_ci;
/*!40101 SET character_set_client = @saved_cs_client */;

--
-- Dumping data for table `tweets`
--

INSERT INTO tweets VALUES (1,'2022-07-12 15:01:02',2,'heyaa'),(2,'2022-07-12 15:41:02',4,'good'),(3,'2022-07-12 15:11:34',2,'nice'),(4,'2022-07-12 15:11:44',5,'wow'),(5,'2022-07-12 15:11:32',6,'lovely'),(6,'2022-07-12 15:21:38',7,'how are you doing'),(7,'2022-07-12 15:51:09',5,'hey'),(8,'2022-07-12 15:31:07',4,'it is what it is'),(9,'2022-07-12 15:11:09',7,'yeah'),(10,'2022-07-12 05:11:02',13,'good'),(11,'2022-07-12 15:11:02',13,'hey'),(12,'2022-07-12 15:11:02',11,'eish'),(13,'2022-07-12 15:11:02',12,'yees'),(14,'2022-07-12 15:11:02',1,'yoo'),(15,'2022-07-12 15:11:02',2,'looking good'),(16,'2022-07-12 15:11:02',13,'wonderfyl'),(17,'2022-07-12 15:11:02',13,'yes'),(18,'2022-07-12 15:11:02',2,'good'),(19,'2022-07-12 15:11:02',1,'cute'),(20,'2022-07-12 15:11:02',3,'wonderful'),(21,'2022-07-12 15:11:02',3,'ooh'),(22,'2022-07-12 15:11:02',5,'ye'),(23,'2022-07-12 15:11:02',35,'yoo'),(24,'2022-07-12 15:11:02',6,'wow'),(25,'2022-07-12 15:11:02',75,'look'),(26,'2022-07-12 15:11:02',8,'yeah'),(27,'2022-07-12 15:11:02',5,'yes'),(28,'2022-07-12 15:11:02',4,'why'),(29,'2022-07-12 15:11:02',5,'when'),(30,'2022-07-12 15:11:02',46,'looking good'),(31,'2022-07-12 15:11:02',6,'when'),(32,'2022-07-12 15:11:02',7,'just now'),(33,'2022-07-12 15:11:02',4,'tommorow'),(34,'2022-07-12 15:11:02',64,'when'),(35,'2022-07-12 15:11:02',3,'at what time'),(36,'2022-07-12 15:11:02',5,'now'),(37,'2022-07-12 15:11:02',6,'wait'),(38,'2022-07-12 15:11:02',7,'am comin'),(39,'2022-07-12 15:11:02',5,'right away'),(40,'2022-07-12 15:11:02',4,'just now'),(41,'2022-07-12 15:11:02',3,'wow'),(42,'2022-07-12 15:11:02',6,'look'),(43,'2022-07-12 15:11:02',67,'great'),(44,'2022-07-12 15:11:02',54,'wise'),(45,'2022-07-12 15:11:02',77,'next move'),(46,'2022-07-12 15:11:02',4,'yeah'),(47,'2022-07-12 15:11:02',5,'show us'),(48,'2022-07-12 15:11:02',5,'how'),(49,'2022-07-12 15:11:02',4,'just do it'),(50,'2022-07-12 15:11:02',3,'wow');

--
-- Table structure for table `users`
--

DROP TABLE IF EXISTS users;
/*!40101 SET @saved_cs_client     = @@character_set_client */;
/*!50503 SET character_set_client = utf8mb4 */;
CREATE TABLE users (
  id int NOT NULL,
  email varchar(255) NOT NULL,
  firstName varchar(255) NOT NULL,
  lastName varchar(255) NOT NULL,
  userName varchar(255) NOT NULL,
  `password` varchar(45) NOT NULL,
  `following` int NOT NULL,
  bio text,
  followers int NOT NULL,
  PRIMARY KEY (id),
  UNIQUE KEY id_UNIQUE (id)
) ENGINE=InnoDB DEFAULT CHARSET=utf8mb4 COLLATE=utf8mb4_0900_ai_ci;
/*!40101 SET character_set_client = @saved_cs_client */;

--
-- Dumping data for table `users`
--

INSERT INTO users VALUES (1,'ray@gmail.com','ray','mogaka','raym','suddhjksks',134,'good looking',54),(2,'bri@gmail.com','kaizer','mist','kaiz','whfryrt',145,'nonconformist',45),(4,'kaiz@gmil.com','kaizer','murray','kaiz','jfgygdwwg',76,'kind',76),(5,'jossy@gmail.com','jossy','kwash','kwash','jhdfhdh',987,'passionate',98),(6,'marrie@gmail.com','marrie','wayeko','wayek','hfyuwfsvx',453,'loving',3737),(7,'travy@gmail.com','travy','trek','wr','tyudrhrinf',354,'caring',3532),(8,'braffin@gmail.com','braffin','mor','mor','fruetwerwvy',453,'loving',543),(9,'naftal@gmail.com','naftal','serry','naf','sr',436,'caring',987),(10,'john@gmail.com','john','morty','morty','tcfhvsghbhs',453,'kind',975),(11,'ris@gmail.com','lydiah','rias','lyd','adfsv',224,'peaceful',32),(12,'mos@gmail.com','mos','san','san','wrryesbgy',42,'caring',343),(13,'abram@gmail.com','abraham','wes','abr','erybhnyunrt',34,'nonconformist',63434),(14,'noahh@gmail.com','noah','may','noah','eyrtcdfnj',5,'nn',2),(16,'wesy@gmail.com','weley','ap','wesy','tynyjitygr',2446,'fine alwys',4),(17,'essy@gmail.com','esther','hesbon','essy','vdgdyhtjgrferf',35,'kind hearted',355),(18,'kaizh@gmail.com','brian','kaizer','brik','vg',46,'hey you',4657),(19,'joseh@gmail.com','joseph','ondieki','ond','rgurfegrwg',346,'faitful',432),(20,'moes@gmail.com','moes','megwi','moh','tbfdfuj',646,'hardworking',346),(21,'uke@gmail.com','luke ','shaw','shw','syeyh',3,NULL,23),(22,'shawh@gmail.com','shaw','edeb','haz','dh',4,NULL,3),(23,'eden@gmail.com','eden','hazard','har','dfut',65,NULL,56),(24,'thor@gmail.com','thorgan','hazard','thor','zzx',3,NULL,556),(25,'lydiah@gmail.com','phil','jones','jon','vxc',56,NULL,76),(26,'ljames@gmail.com','james','milner','phil','fb',54,NULL,54),(27,'lydiah@gmail.com','milner','jon','mil','vcxcvb',34,NULL,6),(28,'werh@gmail.com','werner','timo','tim','jsda',567,NULL,6),(29,'rudih@gmail.com','rudiger','tony','tony','cdfvfgh',5433,NULL,4),(30,'shaw@gmail.com','shaw','luke','luke','hfds',67,NULL,566),(31,'kepah@gmail.com','kepa','arriz','kep','sxcdvfb',765,NULL,654),(32,'lydiah@gmail.com','valencia','marc','val','ghfd',678,NULL,4),(33,'lydiah@gmail.com','malanga','evans','mal','sxc',76,NULL,56),(34,'sarri@gmail.com','sarri','maurizzio','sarri','vbnhgj',677,NULL,4),(35,'wes@gmail.com','wes','ley','wes','juyhtgrfedsaX',654,NULL,45),(36,'lydiah@gmail.com','potter','harry','mad','CVGFHUJ',67,NULL,65),(37,'lydiah@gmail.com','mane','sadio','sadio','GHFD',45,NULL,56),(38,'potter@gmail.com','weden','yerah','yer','XCV',454,NULL,8),(39,'marcoss@gmail.com','marcos','alonso','alos','BGHJH',3,NULL,65),(40,'lydiah@gmail.com','ali','dele','dele','HGFDD',4,NULL,4),(41,'lydiah@gmail.com','kane','harry','kan','FVGJ',4,NULL,3),(42,'lydiah@gmail.com','mohammed','salah','moh','fgghb',5,NULL,45),(43,'lydiah@gmail.com','salah','ali','sal','vcxc',3,NULL,4567),(44,'yeri@gmail.com','yeri','mina','yer','vbnbm',4,NULL,564),(45,'lydiah@gmail.com','mina','loris','mina','bbvvc',3,NULL,5),(46,'rash@gmail.com','rashford','marcus','rash','dfg',56,NULL,4),(47,'lydiah@gmail.com','peter','migwi','pet','njj',7654,NULL,4),(48,'kaiz@gmail.com','kaizer','mogs','kaiz','hgfd',6,NULL,3),(49,'mog@gmail.com','mogaka','ray','mog','fghjk',654,NULL,4),(50,'maih@gmail.com','maina','njenga','main','jhhg',76,NULL,6);

/*!40101 SET SQL_MODE=@OLD_SQL_MODE */;
/*!40014 SET FOREIGN_KEY_CHECKS=@OLD_FOREIGN_KEY_CHECKS */;
/*!40014 SET UNIQUE_CHECKS=@OLD_UNIQUE_CHECKS */;
/*!40101 SET CHARACTER_SET_CLIENT=@OLD_CHARACTER_SET_CLIENT */;
/*!40101 SET CHARACTER_SET_RESULTS=@OLD_CHARACTER_SET_RESULTS */;
/*!40101 SET COLLATION_CONNECTION=@OLD_COLLATION_CONNECTION */;
/*!40111 SET SQL_NOTES=@OLD_SQL_NOTES */;

-- Dump completed
